first_name,last_name,phone_number,email,address
test 1,name 1,(123) 456-7890,qwewqe@gmail.com,43242
test 2,name 2,fef,qwewqe@gmail.com,43242
test 3,name 3,(123fefe) 456-7892,qwewqe@gmail.com,43242
test 4,name 4,(123) 456-7893,qwewqe@gmail.com,43242
test 5,name 5,(123fef) 456-7894,qwewqe@gmail.com,43242
test 1,name 1,(123) 456-7890,qwewqe@gmail.com,43242
test 2,name 2,(123) 456-7891,qwewqe@gmail.com,43243
test 3,name 3,(123) 456-7892,qwewqe@gmail.com,43244
test 4,name 4,(123) 456-7893,qwewqe@gmail.com,43245
test 5,name 5,(123) 456-7894,qwewqe@gmail.com,43246
test 6,name 6,(123) 456-7895,qwewqe@gmail.com,43247
test 7,name 7,(123) 456-7896,qwewqe@gmail.com,43248
test 8,name 8,(123) 456-7897,qwewqe@gmail.com,43249
test 9,name 9,(123) 456-7898,qwewqe@gmail.com,43250
test 10,name 10,(123) 456-7899,qwewqe@gmail.com,43251
test 11,name 11,(123) 456-7900,qwewqe@gmail.com,43252
test 3,name 3,(123fefe) 456-7892,qwewqe@gmail.com,43242
test 4,name 4,(123fefe) 456-7893,qwewqe@gmail.com,43243
test 5,name 5,(123fefe) 456-7894,qwewqe@gmail.com,43244
test 6,name 6,(123fefe) 456-7895,qwewqe@gmail.com,43245
test 7,name 7,(123fefe) 456-7896,qwewqe@gmail.com,43246
test 8,name 8,(123fefe) 456-7897,qwewqe@gmail.com,43247
test 9,name 9,(123fefe) 456-7898,qwewqe@gmail.com,43248
test 10,name 10,(123fefe) 456-7899,qwewqe@gmail.com,43249
test 11,name 11,(123fefe) 456-7900,qwewqe@gmail.com,43250
test 12,name 12,(123fefe) 456-7901,qwewqe@gmail.com,43251
test 13,name 13,(123fefe) 456-7902,qwewqe@gmail.com,43252
test 14,name 14,(123fefe) 456-7903,qwewqe@gmail.com,43253
test 15,name 15,(123fefe) 456-7904,qwewqe@gmail.com,43254
